"run","log_file","uboot_time","tftp_kernel_start","kernel_start","nfs_mount","userspace_start","console_ready","uboot_to_tftp_s","kernel_to_nfs_s","nfs_to_console_s","kernel_to_console_s","complete"
"1","001.log","11-13-30.932","11-13-34.445","11-13-42.033","11-13-50.917","11-13-51.230","11-13-51.490","3.513","8.884","0.573","9.457","True"
"2","002.log","11-26-48.448","11-26-51.958","11-26-59.786","11-27-08.641","11-27-08.948","11-27-09.195","3.51","8.855","0.554","9.409","True"
"3","003.log","11-32-16.478","11-32-20.002","11-32-27.705","11-32-35.576","11-32-35.883","11-32-36.159","3.524","7.871","0.583","8.454","True"
"4","004.log","11-34-27.854","11-34-31.376","11-34-39.039","11-34-47.874","11-34-48.181","11-34-48.442","3.522","8.835","0.568","9.403","True"
"5","005.log","11-36-29.888","11-36-33.396","11-36-41.056","11-36-49.905","11-36-50.214","11-36-50.474","3.508","8.849","0.569","9.418","True"
"6","006.log","11-41-33.633","11-41-37.150","11-41-39.874","11-41-48.739","11-41-49.047","11-41-49.295","3.517","8.865","0.556","9.421","True"
"7","007.log","11-47-54.411","11-47-57.930","11-48-05.603","11-48-13.481","11-48-13.791","11-48-14.052","3.519","7.878","0.571","8.449","True"
"8","008.log","11-49-16.821","11-49-21.997","11-49-29.534","11-49-42.107","11-49-42.412","11-49-42.674","5.176","12.573","0.567","13.14","True"
"9","009.log","12-02-11.167","12-02-14.690","12-02-17.503","12-02-26.350","12-02-26.661","12-02-26.907","3.523","8.847","0.557","9.404","True"
"10","010.log","12-05-13.047","12-05-16.563","12-05-24.290","12-05-32.159","12-05-32.482","12-05-32.743","3.516","7.869","0.584","8.453","True"
"11","011.log","12-07-13.621","12-07-17.132","12-07-24.943","12-07-33.805","12-07-34.114","12-07-34.375","3.511","8.862","0.57","9.432","True"
"12","012.log","12-11-55.765","12-11-59.283","12-12-06.964","12-12-15.819","12-12-16.111","12-12-16.372","3.518","8.855","0.553","9.408","True"
"13","013.log","12-13-49.092","12-13-52.625","12-14-00.342","12-14-08.245","12-14-08.553","12-14-08.812","3.533","7.903","0.567","8.47","True"
"14","014.log","12-15-21.203","12-15-24.724","12-15-32.502","12-15-41.361","12-15-41.665","12-15-41.926","3.521","8.859","0.565","9.424","True"
"15","015.log","12-18-40.366","12-18-43.882","12-18-51.558","12-19-00.395","12-19-00.705","12-19-00.982","3.516","8.837","0.587","9.424","True"
"16","016.log","12-20-33.318","12-20-36.830","12-20-39.490","12-20-48.346","12-20-48.655","12-20-48.900","3.512","8.856","0.554","9.41","True"
"17","017.log","12-23-35.133","12-23-38.652","12-23-46.454","12-23-54.315","12-23-54.609","12-23-54.855","3.519","7.861","0.54","8.401","True"
"18","018.log","12-24-59.180","12-25-02.697","12-25-11.086","12-25-18.960","12-25-19.268","12-25-19.530","3.517","7.874","0.57","8.444","True"
"19","019.log","12-45-55.226","12-45-58.747","12-46-06.518","12-46-14.391","12-46-14.708","12-46-14.954","3.521","7.873","0.563","8.436","True"
"20","020.log","12-48-07.675","12-48-11.189","12-48-13.938","12-48-22.789","12-48-23.096","12-48-23.357","3.514","8.851","0.568","9.419","True"
"21","021.log","12-49-58.315","12-50-01.840","12-50-04.508","12-50-13.362","12-50-13.899","12-50-14.145","3.525","8.854","0.783","9.637","True"
"22","022.log","12-51-29.672","12-51-33.189","12-51-35.878","12-51-44.742","12-51-45.064","12-51-45.343","3.517","8.864","0.601","9.465","True"
"23","023.log","12-54-33.826","12-54-37.344","12-54-45.247","12-54-53.129","12-54-53.452","12-54-53.714","3.518","7.882","0.585","8.467","True"
"24","024.log","12-57-47.591","12-57-51.114","12-57-58.784","12-58-06.646","12-58-06.953","12-58-07.199","3.523","7.862","0.553","8.415","True"
"25","025.log","12-59-44.250","12-59-47.764","12-59-55.777","13-00-04.652","13-00-04.944","13-00-05.206","3.514","8.875","0.554","9.429","True"
"26","026.log","13-02-09.885","13-02-13.410","13-02-21.035","13-02-28.896","13-02-29.251","13-02-29.498","3.525","7.861","0.602","8.463","True"
"27","027.log","13-04-40.375","13-04-43.900","13-04-51.750","13-05-00.614","13-05-00.907","13-05-01.169","3.525","8.864","0.555","9.419","True"
"28","028.log","13-06-10.260","13-06-13.777","13-06-21.785","13-06-30.640","13-06-30.947","13-06-31.194","3.517","8.855","0.554","9.409","True"
"29","029.log","13-08-33.921","13-08-37.446","13-08-40.075","13-08-48.939","13-08-49.236","13-08-49.497","3.525","8.864","0.558","9.422","True"
"30","030.log","13-11-12.042","13-11-15.560","13-11-23.069","13-11-30.924","13-11-31.226","13-11-31.473","3.518","7.855","0.549","8.404","True"
